{
  "project_info": {
    "project_number": "332633808264",
    "project_id": "mobilecw2-4d819",
    "storage_bucket": "mobilecw2-4d819.appspot.com"
  },
  "client": [
    {
      "client_info": {
        "mobilesdk_app_id": "1:332633808264:android:d59047874e7a8af4512e3d",
        "android_client_info": {
          "package_name": "com.example.com594cw22020"
        }
      },
      "oauth_client": [
        {
          "client_id": "332633808264-ovq99405inab63fpt82h7rsv78k2vqfi.apps.googleusercontent.com",
          "client_type": 3
        }
      ],
      "api_key": [
        {
          "current_key": "AIzaSyD-W8YE1KTOKiaE4LdbM31YWYIAQ6p1oDQ"
        }
      ],
      "services": {
        "appinvite_service": {
          "other_platform_oauth_client": [
            {
              "client_id": "332633808264-ovq99405inab63fpt82h7rsv78k2vqfi.apps.googleusercontent.com",
              "client_type": 3
            }
          ]
        }
      }
    }
  ],
  "configuration_version": "1"
}